CREATE TABLE users (
    id SERIAL PRIMARY KEY,
    name VARCHAR(100) NOT NULL,
    email VARCHAR(100) UNIQUE NOT NULL,
    password_hash VARCHAR(255) NOT NULL -- Armazenar o hash da senha, não o texto puro
);

CREATE TABLE pokemon (
    id SERIAL PRIMARY KEY,
    name VARCHAR(100) NOT NULL,
    height INT,
    weight INT,
    evolves_from_species VARCHAR(100),
    evolves_to_species VARCHAR(100),
    image TEXT
);

CREATE TABLE pokemon_types (
    pokemon_id INT REFERENCES pokemon(id) ON DELETE CASCADE,
    type VARCHAR(50),
    PRIMARY KEY (pokemon_id, type)
);

CREATE TABLE pokemon_abilities (
    pokemon_id INT REFERENCES pokemon(id) ON DELETE CASCADE,
    ability VARCHAR(100),
    PRIMARY KEY (pokemon_id, ability)
);

CREATE TABLE pokemon_stats (
    pokemon_id INT PRIMARY KEY REFERENCES pokemon(id) ON DELETE CASCADE,
    hp INT,
    attack INT,
    defense INT,
    speed INT
);

CREATE TABLE teams (
    id SERIAL PRIMARY KEY,
    team_name VARCHAR(100) NOT NULL,
    user_id INT REFERENCES users(id) ON DELETE SET NULL 
);

CREATE TABLE team_pokemons (
    team_id INT REFERENCES teams(id) ON DELETE CASCADE,
    pokemon_id INT REFERENCES pokemon(id) ON DELETE CASCADE,
    PRIMARY KEY (team_id, pokemon_id)
);

INSERT INTO user (name, email, senha) VALUES 
    ('Alice Silva', 'alice.silva@email.com', '123'),
    ('Bruno Souza', 'bruno.souza@email.com', '456'),
    ('Carla Mendes', 'carla.mendes@email.com', '789');

INSERT INTO pokemon (id, name, height, weight, evolves_from_species, evolves_to_species, image) VALUES
(1, 'Bulbasaur', 7, 69, NULL, 'Ivysaur', 'https://raw.githubusercontent.com/PokeAPI/sprites/master/sprites/pokemon/other/official-artwork/1.png'),
(2, 'Ivysaur', 10, 130, 'Bulbasaur', 'Venusaur', 'https://raw.githubusercontent.com/PokeAPI/sprites/master/sprites/pokemon/other/official-artwork/2.png'),
(3, 'Venusaur', 20, 1000, 'Ivysaur', NULL, 'https://raw.githubusercontent.com/PokeAPI/sprites/master/sprites/pokemon/other/official-artwork/3.png'),
(4, 'Charmander', 6, 85, NULL, 'Charmeleon', 'https://raw.githubusercontent.com/PokeAPI/sprites/master/sprites/pokemon/other/official-artwork/4.png'),
(5, 'Charmeleon', 11, 190, 'Charmander', 'Charizard', 'https://raw.githubusercontent.com/PokeAPI/sprites/master/sprites/pokemon/other/official-artwork/5.png'),
(6, 'Charizard', 17, 905, 'Charmeleon', NULL, 'https://raw.githubusercontent.com/PokeAPI/sprites/master/sprites/pokemon/other/official-artwork/6.png'),
(7, 'Squirtle', 5, 90, NULL, 'Wartortle', 'https://raw.githubusercontent.com/PokeAPI/sprites/master/sprites/pokemon/other/official-artwork/7.png'),
(8, 'Wartortle', 10, 225, 'Squirtle', 'Blastoise', 'https://raw.githubusercontent.com/PokeAPI/sprites/master/sprites/pokemon/other/official-artwork/8.png'),
(9, 'Blastoise', 16, 855, 'Wartortle', NULL, 'https://raw.githubusercontent.com/PokeAPI/sprites/master/sprites/pokemon/other/official-artwork/9.png'),
(10, 'Caterpie', 3, 29, NULL, 'Metapod', 'https://raw.githubusercontent.com/PokeAPI/sprites/master/sprites/pokemon/other/official-artwork/10.png'),
(11, 'Metapod', 7, 99, 'Caterpie', 'Butterfree', 'https://raw.githubusercontent.com/PokeAPI/sprites/master/sprites/pokemon/other/official-artwork/11.png'),
(12, 'Butterfree', 11, 320, 'Metapod', NULL, 'https://raw.githubusercontent.com/PokeAPI/sprites/master/sprites/pokemon/other/official-artwork/12.png'),
(13, 'Weedle', 3, 32, NULL, 'Kakuna', 'https://raw.githubusercontent.com/PokeAPI/sprites/master/sprites/pokemon/other/official-artwork/13.png'),
(14, 'Kakuna', 6, 100, 'Weedle', 'Beedrill', 'https://raw.githubusercontent.com/PokeAPI/sprites/master/sprites/pokemon/other/official-artwork/14.png'),
(15, 'Beedrill', 10, 295, 'Kakuna', NULL, 'https://raw.githubusercontent.com/PokeAPI/sprites/master/sprites/pokemon/other/official-artwork/15.png'),
(16, 'Pidgey', 3, 18, NULL, 'Pidgeotto', 'https://raw.githubusercontent.com/PokeAPI/sprites/master/sprites/pokemon/other/official-artwork/16.png'),
(17, 'Pidgeotto', 11, 300, 'Pidgey', 'Pidgeot', 'https://raw.githubusercontent.com/PokeAPI/sprites/master/sprites/pokemon/other/official-artwork/17.png'),
(18, 'Pidgeot', 15, 395, 'Pidgeotto', NULL, 'https://raw.githubusercontent.com/PokeAPI/sprites/master/sprites/pokemon/other/official-artwork/18.png'),
(19, 'Rattata', 3, 35, NULL, 'Raticate', 'https://raw.githubusercontent.com/PokeAPI/sprites/master/sprites/pokemon/other/official-artwork/19.png'),
(20, 'Raticate', 7, 185, 'Rattata', NULL, 'https://raw.githubusercontent.com/PokeAPI/sprites/master/sprites/pokemon/other/official-artwork/20.png'),
(21, 'Spearow', 3, 20, NULL, 'Fearow', 'https://raw.githubusercontent.com/PokeAPI/sprites/master/sprites/pokemon/other/official-artwork/21.png'),
(22, 'Fearow', 12, 380, 'Spearow', NULL, 'https://raw.githubusercontent.com/PokeAPI/sprites/master/sprites/pokemon/other/official-artwork/22.png'),
(23, 'Ekans', 20, 69, NULL, 'Arbok', 'https://raw.githubusercontent.com/PokeAPI/sprites/master/sprites/pokemon/other/official-artwork/23.png'),
(24, 'Arbok', 35, 650, 'Ekans', NULL, 'https://raw.githubusercontent.com/PokeAPI/sprites/master/sprites/pokemon/other/official-artwork/24.png'),
(25, 'Pikachu', 4, 60, NULL, 'Raichu', 'https://raw.githubusercontent.com/PokeAPI/sprites/master/sprites/pokemon/other/official-artwork/25.png'),
(26, 'Raichu', 8, 300, 'Pikachu', NULL, 'https://raw.githubusercontent.com/PokeAPI/sprites/master/sprites/pokemon/other/official-artwork/26.png'),
(27, 'Sandshrew', 6, 120, NULL, 'Sandslash', 'https://raw.githubusercontent.com/PokeAPI/sprites/master/sprites/pokemon/other/official-artwork/27.png'),
(28, 'Sandslash', 10, 295, 'Sandshrew', NULL, 'https://raw.githubusercontent.com/PokeAPI/sprites/master/sprites/pokemon/other/official-artwork/28.png'),
(29, 'Nidoran-f', 4, 70, NULL, 'Nidorina', 'https://raw.githubusercontent.com/PokeAPI/sprites/master/sprites/pokemon/other/official-artwork/29.png'),
(30, 'Nidorina', 8, 200, 'Nidoran-f', 'Nidoqueen', 'https://raw.githubusercontent.com/PokeAPI/sprites/master/sprites/pokemon/other/official-artwork/30.png'),
(31, 'Nidoqueen', 13, 600, 'Nidorina', NULL, 'https://raw.githubusercontent.com/PokeAPI/sprites/master/sprites/pokemon/other/official-artwork/31.png'),
(32, 'Nidoran-m', 5, 90, NULL, 'Nidorino', 'https://raw.githubusercontent.com/PokeAPI/sprites/master/sprites/pokemon/other/official-artwork/32.png'),
(33, 'Nidorino', 9, 195, 'Nidoran-m', 'Nidoking', 'https://raw.githubusercontent.com/PokeAPI/sprites/master/sprites/pokemon/other/official-artwork/33.png'),
(34, 'Nidoking', 14, 620, 'Nidorino', NULL, 'https://raw.githubusercontent.com/PokeAPI/sprites/master/sprites/pokemon/other/official-artwork/34.png'),
(35, 'Clefairy', 6, 75, NULL, 'Clefable', 'https://raw.githubusercontent.com/PokeAPI/sprites/master/sprites/pokemon/other/official-artwork/35.png'),
(36, 'Clefable', 13, 400, 'Clefairy', NULL, 'https://raw.githubusercontent.com/PokeAPI/sprites/master/sprites/pokemon/other/official-artwork/36.png'),
(37, 'Vulpix', 6, 99, NULL, 'Ninetales', 'https://raw.githubusercontent.com/PokeAPI/sprites/master/sprites/pokemon/other/official-artwork/37.png'),
(38, 'Ninetales', 11, 199, 'Vulpix', NULL, 'https://raw.githubusercontent.com/PokeAPI/sprites/master/sprites/pokemon/other/official-artwork/38.png'),
(39, 'Jigglypuff', 5, 55, NULL, 'Wigglytuff', 'https://raw.githubusercontent.com/PokeAPI/sprites/master/sprites/pokemon/other/official-artwork/39.png'),
(40, 'Wigglytuff', 10, 120, 'Jigglypuff', NULL, 'https://raw.githubusercontent.com/PokeAPI/sprites/master/sprites/pokemon/other/official-artwork/40.png'),
(41, 'Zubat', 8, 75, NULL, 'Golbat', 'https://raw.githubusercontent.com/PokeAPI/sprites/master/sprites/pokemon/other/official-artwork/41.png'),
(42, 'Golbat', 16, 550, 'Zubat', NULL, 'https://raw.githubusercontent.com/PokeAPI/sprites/master/sprites/pokemon/other/official-artwork/42.png'),
(43, 'Oddish', 5, 54, NULL, 'Gloom', 'https://raw.githubusercontent.com/PokeAPI/sprites/master/sprites/pokemon/other/official-artwork/43.png'),
(44, 'Gloom', 8, 86, 'Oddish', 'Vileplume', 'https://raw.githubusercontent.com/PokeAPI/sprites/master/sprites/pokemon/other/official-artwork/44.png'),
(45, 'Vileplume', 12, 186, 'Gloom', NULL, 'https://raw.githubusercontent.com/PokeAPI/sprites/master/sprites/pokemon/other/official-artwork/45.png'),
(46, 'Paras', 3, 54, NULL, 'Parasect', 'https://raw.githubusercontent.com/PokeAPI/sprites/master/sprites/pokemon/other/official-artwork/46.png'),
(47, 'Parasect', 10, 295, 'Paras', NULL, 'https://raw.githubusercontent.com/PokeAPI/sprites/master/sprites/pokemon/other/official-artwork/47.png'),
(48, 'Venonat', 10, 300, NULL, 'Venomoth', 'https://raw.githubusercontent.com/PokeAPI/sprites/master/sprites/pokemon/other/official-artwork/48.png'),
(49, 'Venomoth', 15, 125, 'Venonat', NULL, 'https://raw.githubusercontent.com/PokeAPI/sprites/master/sprites/pokemon/other/official-artwork/49.png'),
(50, 'Diglett', 2, 8, NULL, 'Dugtrio', 'https://raw.githubusercontent.com/PokeAPI/sprites/master/sprites/pokemon/other/official-artwork/50.png'),
(51, 'Dugtrio', 7, 333, 'Diglett', NULL, 'https://raw.githubusercontent.com/PokeAPI/sprites/master/sprites/pokemon/other/official-artwork/51.png'),
(52, 'Meowth', 4, 42, NULL, 'Persian', 'https://raw.githubusercontent.com/PokeAPI/sprites/master/sprites/pokemon/other/official-artwork/52.png'),
(53, 'Persian', 10, 320, 'Meowth', NULL, 'https://raw.githubusercontent.com/PokeAPI/sprites/master/sprites/pokemon/other/official-artwork/53.png'),
(54, 'Psyduck', 8, 196, NULL, 'Golduck', 'https://raw.githubusercontent.com/PokeAPI/sprites/master/sprites/pokemon/other/official-artwork/54.png'),
(55, 'Golduck', 17, 766, 'Psyduck', NULL, 'https://raw.githubusercontent.com/PokeAPI/sprites/master/sprites/pokemon/other/official-artwork/55.png'),
(56, 'Mankey', 5, 280, NULL, 'Primeape', 'https://raw.githubusercontent.com/PokeAPI/sprites/master/sprites/pokemon/other/official-artwork/56.png'),
(57, 'Primeape', 10, 320, 'Mankey', NULL, 'https://raw.githubusercontent.com/PokeAPI/sprites/master/sprites/pokemon/other/official-artwork/57.png'),
(58, 'Growlithe', 7, 190, NULL, 'Arcanine', 'https://raw.githubusercontent.com/PokeAPI/sprites/master/sprites/pokemon/other/official-artwork/58.png'),
(59, 'Arcanine', 19, 1550, 'Growlithe', NULL, 'https://raw.githubusercontent.com/PokeAPI/sprites/master/sprites/pokemon/other/official-artwork/59.png'),
(60, 'Poliwag', 6, 124, NULL, 'Poliwhirl', 'https://raw.githubusercontent.com/PokeAPI/sprites/master/sprites/pokemon/other/official-artwork/60.png'),
(61, 'Poliwhirl', 10, 200, 'Poliwag', 'Poliwrath', 'https://raw.githubusercontent.com/PokeAPI/sprites/master/sprites/pokemon/other/official-artwork/61.png'),
(62, 'Poliwrath', 13, 540, 'Poliwhirl', NULL, 'https://raw.githubusercontent.com/PokeAPI/sprites/master/sprites/pokemon/other/official-artwork/62.png'),
(63, 'Abra', 9, 195, NULL, 'Kadabra', 'https://raw.githubusercontent.com/PokeAPI/sprites/master/sprites/pokemon/other/official-artwork/63.png'),
(64, 'Kadabra', 13, 565, 'Abra', 'Alakazam', 'https://raw.githubusercontent.com/PokeAPI/sprites/master/sprites/pokemon/other/official-artwork/64.png'),
(65, 'Alakazam', 15, 480, 'Kadabra', NULL, 'https://raw.githubusercontent.com/PokeAPI/sprites/master/sprites/pokemon/other/official-artwork/65.png'),
(66, 'Machop', 8, 195, NULL, 'Machoke', 'https://raw.githubusercontent.com/PokeAPI/sprites/master/sprites/pokemon/other/official-artwork/66.png'),
(67, 'Machoke', 15, 705, 'Machop', 'Machamp', 'https://raw.githubusercontent.com/PokeAPI/sprites/master/sprites/pokemon/other/official-artwork/67.png'),
(68, 'Machamp', 16, 1300, 'Machoke', NULL, 'https://raw.githubusercontent.com/PokeAPI/sprites/master/sprites/pokemon/other/official-artwork/68.png'),
(69, 'Bellsprout', 7, 40, NULL, 'Weepinbell', 'https://raw.githubusercontent.com/PokeAPI/sprites/master/sprites/pokemon/other/official-artwork/69.png'),
(70, 'Weepinbell', 10, 64, 'Bellsprout', 'Victreebel', 'https://raw.githubusercontent.com/PokeAPI/sprites/master/sprites/pokemon/other/official-artwork/70.png'),
(71, 'Victreebel', 17, 155, 'Weepinbell', NULL, 'https://raw.githubusercontent.com/PokeAPI/sprites/master/sprites/pokemon/other/official-artwork/71.png'),
(72, 'Tentacool', 9, 455, NULL, 'Tentacruel', 'https://raw.githubusercontent.com/PokeAPI/sprites/master/sprites/pokemon/other/official-artwork/72.png'),
(73, 'Tentacruel', 16, 550, 'Tentacool', NULL, 'https://raw.githubusercontent.com/PokeAPI/sprites/master/sprites/pokemon/other/official-artwork/73.png'),
(74, 'Geodude', 4, 200, NULL, 'Graveler', 'https://raw.githubusercontent.com/PokeAPI/sprites/master/sprites/pokemon/other/official-artwork/74.png'),
(75, 'Graveler', 10, 1050, 'Geodude', 'Golem', 'https://raw.githubusercontent.com/PokeAPI/sprites/master/sprites/pokemon/other/official-artwork/75.png'),
(76, 'Golem', 14, 3000, 'Graveler', NULL, 'https://raw.githubusercontent.com/PokeAPI/sprites/master/sprites/pokemon/other/official-artwork/76.png'),
(77, 'Ponyta', 10, 300, NULL, 'Rapidash', 'https://raw.githubusercontent.com/PokeAPI/sprites/master/sprites/pokemon/other/official-artwork/77.png'),
(78, 'Rapidash', 17, 950, 'Ponyta', NULL, 'https://raw.githubusercontent.com/PokeAPI/sprites/master/sprites/pokemon/other/official-artwork/78.png'),
(79, 'Slowpoke', 12, 360, NULL, 'Slowbro', 'https://raw.githubusercontent.com/PokeAPI/sprites/master/sprites/pokemon/other/official-artwork/79.png'),
(80, 'Slowbro', 16, 785, 'Slowpoke', NULL, 'https://raw.githubusercontent.com/PokeAPI/sprites/master/sprites/pokemon/other/official-artwork/80.png'),
(81, 'Magnemite', 3, 60, NULL, 'Magneton', 'https://raw.githubusercontent.com/PokeAPI/sprites/master/sprites/pokemon/other/official-artwork/81.png'),
(82, 'Magneton', 10, 600, 'Magnemite', NULL, 'https://raw.githubusercontent.com/PokeAPI/sprites/master/sprites/pokemon/other/official-artwork/82.png'),
(83, 'Farfetchd', 8, 150, NULL, NULL, 'https://raw.githubusercontent.com/PokeAPI/sprites/master/sprites/pokemon/other/official-artwork/83.png'),
(84, 'Doduo', 14, 392, NULL, 'Dodrio', 'https://raw.githubusercontent.com/PokeAPI/sprites/master/sprites/pokemon/other/official-artwork/84.png'),
(85, 'Dodrio', 18, 852, 'Doduo', NULL, 'https://raw.githubusercontent.com/PokeAPI/sprites/master/sprites/pokemon/other/official-artwork/85.png'),
(86, 'Seel', 11, 900, NULL, 'Dewgong', 'https://raw.githubusercontent.com/PokeAPI/sprites/master/sprites/pokemon/other/official-artwork/86.png'),
(87, 'Dewgong', 17, 1200, 'Seel', NULL, 'https://raw.githubusercontent.com/PokeAPI/sprites/master/sprites/pokemon/other/official-artwork/87.png'),
(88, 'Grimer', 9, 300, NULL, 'Muk', 'https://raw.githubusercontent.com/PokeAPI/sprites/master/sprites/pokemon/other/official-artwork/88.png'),
(89, 'Muk', 12, 300, 'Grimer', NULL, 'https://raw.githubusercontent.com/PokeAPI/sprites/master/sprites/pokemon/other/official-artwork/89.png'),
(90, 'Shellder', 3, 40, NULL, 'Cloyster', 'https://raw.githubusercontent.com/PokeAPI/sprites/master/sprites/pokemon/other/official-artwork/90.png'),
(91, 'Cloyster', 15, 1325, 'Shellder', NULL, 'https://raw.githubusercontent.com/PokeAPI/sprites/master/sprites/pokemon/other/official-artwork/91.png'),
(92, 'Gastly', 13, 1, NULL, 'Haunter', 'https://raw.githubusercontent.com/PokeAPI/sprites/master/sprites/pokemon/other/official-artwork/92.png'),
(93, 'Haunter', 16, 1, 'Gastly', 'Gengar', 'https://raw.githubusercontent.com/PokeAPI/sprites/master/sprites/pokemon/other/official-artwork/93.png'),
(94, 'Gengar', 15, 405, 'Haunter', NULL, 'https://raw.githubusercontent.com/PokeAPI/sprites/master/sprites/pokemon/other/official-artwork/94.png'),
(95, 'Onix', 88, 2100, NULL, NULL, 'https://raw.githubusercontent.com/PokeAPI/sprites/master/sprites/pokemon/other/official-artwork/95.png'),
(96, 'Drowzee', 10, 324, NULL, 'Hypno', 'https://raw.githubusercontent.com/PokeAPI/sprites/master/sprites/pokemon/other/official-artwork/96.png'),
(97, 'Hypno', 16, 756, 'Drowzee', NULL, 'https://raw.githubusercontent.com/PokeAPI/sprites/master/sprites/pokemon/other/official-artwork/97.png'),
(98, 'Krabby', 4, 65, NULL, 'Kingler', 'https://raw.githubusercontent.com/PokeAPI/sprites/master/sprites/pokemon/other/official-artwork/98.png'),
(99, 'Kingler', 13, 600, 'Krabby', NULL, 'https://raw.githubusercontent.com/PokeAPI/sprites/master/sprites/pokemon/other/official-artwork/99.png'),
(100, 'Voltorb', 5, 104, NULL, 'Electrode', 'https://raw.githubusercontent.com/PokeAPI/sprites/master/sprites/pokemon/other/official-artwork/100.png'),
(101, 'Electrode', 12, 666, 'Voltorb', NULL, 'https://raw.githubusercontent.com/PokeAPI/sprites/master/sprites/pokemon/other/official-artwork/101.png'),
(102, 'Exeggcute', 4, 25, NULL, 'Exeggutor', 'https://raw.githubusercontent.com/PokeAPI/sprites/master/sprites/pokemon/other/official-artwork/102.png'),
(103, 'Exeggutor', 20, 1200, 'Exeggcute', NULL, 'https://raw.githubusercontent.com/PokeAPI/sprites/master/sprites/pokemon/other/official-artwork/103.png'),
(104, 'Cubone', 4, 65, NULL, 'Marowak', 'https://raw.githubusercontent.com/PokeAPI/sprites/master/sprites/pokemon/other/official-artwork/104.png'),
(105, 'Marowak', 10, 450, 'Cubone', NULL, 'https://raw.githubusercontent.com/PokeAPI/sprites/master/sprites/pokemon/other/official-artwork/105.png'),
(106, 'Hitmonlee', 15, 498, NULL, NULL, 'https://raw.githubusercontent.com/PokeAPI/sprites/master/sprites/pokemon/other/official-artwork/106.png'),
(107, 'Hitmonchan', 14, 502, NULL, NULL, 'https://raw.githubusercontent.com/PokeAPI/sprites/master/sprites/pokemon/other/official-artwork/107.png'),
(108, 'Lickitung', 12, 655, NULL, NULL, 'https://raw.githubusercontent.com/PokeAPI/sprites/master/sprites/pokemon/other/official-artwork/108.png'),
(109, 'Koffing', 6, 10, NULL, 'Weezing', 'https://raw.githubusercontent.com/PokeAPI/sprites/master/sprites/pokemon/other/official-artwork/109.png'),
(110, 'Weezing', 12, 95, 'Koffing', NULL, 'https://raw.githubusercontent.com/PokeAPI/sprites/master/sprites/pokemon/other/official-artwork/110.png'),
(111, 'Rhyhorn', 10, 1150, NULL, 'Rhydon', 'https://raw.githubusercontent.com/PokeAPI/sprites/master/sprites/pokemon/other/official-artwork/111.png'),
(112, 'Rhydon', 19, 1200, 'Rhyhorn', NULL, 'https://raw.githubusercontent.com/PokeAPI/sprites/master/sprites/pokemon/other/official-artwork/112.png'),
(113, 'Chansey', 11, 346, NULL, NULL, 'https://raw.githubusercontent.com/PokeAPI/sprites/master/sprites/pokemon/other/official-artwork/113.png'),
(114, 'Tangela', 10, 350, NULL, NULL, 'https://raw.githubusercontent.com/PokeAPI/sprites/master/sprites/pokemon/other/official-artwork/114.png'),
(115, 'Kangaskhan', 22, 800, NULL, NULL, 'https://raw.githubusercontent.com/PokeAPI/sprites/master/sprites/pokemon/other/official-artwork/115.png'),
(116, 'Horsea', 4, 80, NULL, 'Seadra', 'https://raw.githubusercontent.com/PokeAPI/sprites/master/sprites/pokemon/other/official-artwork/116.png'),
(117, 'Seadra', 12, 250, 'Horsea', NULL, 'https://raw.githubusercontent.com/PokeAPI/sprites/master/sprites/pokemon/other/official-artwork/117.png'),
(118, 'Goldeen', 6, 150, NULL, 'Seaking', 'https://raw.githubusercontent.com/PokeAPI/sprites/master/sprites/pokemon/other/official-artwork/118.png'),
(119, 'Seaking', 13, 390, 'Goldeen', NULL, 'https://raw.githubusercontent.com/PokeAPI/sprites/master/sprites/pokemon/other/official-artwork/119.png'),
(120, 'Staryu', 8, 345, NULL, 'Starmie', 'https://raw.githubusercontent.com/PokeAPI/sprites/master/sprites/pokemon/other/official-artwork/120.png'),
(121, 'Starmie', 11, 800, 'Staryu', NULL, 'https://raw.githubusercontent.com/PokeAPI/sprites/master/sprites/pokemon/other/official-artwork/121.png'),
(122, 'Mr-mime', 13, 545, NULL, NULL, 'https://raw.githubusercontent.com/PokeAPI/sprites/master/sprites/pokemon/other/official-artwork/122.png'),
(123, 'Scyther', 15, 560, NULL, NULL, 'https://raw.githubusercontent.com/PokeAPI/sprites/master/sprites/pokemon/other/official-artwork/123.png'),
(124, 'Jynx', 14, 406, NULL, NULL, 'https://raw.githubusercontent.com/PokeAPI/sprites/master/sprites/pokemon/other/official-artwork/124.png'),
(125, 'Electabuzz', 11, 300, NULL, NULL, 'https://raw.githubusercontent.com/PokeAPI/sprites/master/sprites/pokemon/other/official-artwork/125.png'),
(126, 'Magmar', 13, 445, NULL, NULL, 'https://raw.githubusercontent.com/PokeAPI/sprites/master/sprites/pokemon/other/official-artwork/126.png'),
(127, 'Pinsir', 15, 550, NULL, NULL, 'https://raw.githubusercontent.com/PokeAPI/sprites/master/sprites/pokemon/other/official-artwork/127.png'),
(128, 'Tauros', 14, 884, NULL, NULL, 'https://raw.githubusercontent.com/PokeAPI/sprites/master/sprites/pokemon/other/official-artwork/128.png'),
(129, 'Magikarp', 9, 100, NULL, 'Gyarados', 'https://raw.githubusercontent.com/PokeAPI/sprites/master/sprites/pokemon/other/official-artwork/129.png'),
(130, 'Gyarados', 65, 2350, 'Magikarp', NULL, 'https://raw.githubusercontent.com/PokeAPI/sprites/master/sprites/pokemon/other/official-artwork/130.png'),
(131, 'Lapras', 25, 2200, NULL, NULL, 'https://raw.githubusercontent.com/PokeAPI/sprites/master/sprites/pokemon/other/official-artwork/131.png'),
(132, 'Ditto', 3, 40, NULL, NULL, 'https://raw.githubusercontent.com/PokeAPI/sprites/master/sprites/pokemon/other/official-artwork/132.png'),
(133, 'Eevee', 3, 65, NULL, 'Vaporeon,Jolteon,Flareon', 'https://raw.githubusercontent.com/PokeAPI/sprites/master/sprites/pokemon/other/official-artwork/133.png'),
(134, 'Vaporeon', 10, 290, 'Eevee', NULL, 'https://raw.githubusercontent.com/PokeAPI/sprites/master/sprites/pokemon/other/official-artwork/134.png'),
(135, 'Jolteon', 8, 245, 'Eevee', NULL, 'https://raw.githubusercontent.com/PokeAPI/sprites/master/sprites/pokemon/other/official-artwork/135.png'),
(136, 'Flareon', 9, 250, 'Eevee', NULL, 'https://raw.githubusercontent.com/PokeAPI/sprites/master/sprites/pokemon/other/official-artwork/136.png'),
(137, 'Porygon', 8, 365, NULL, NULL, 'https://raw.githubusercontent.com/PokeAPI/sprites/master/sprites/pokemon/other/official-artwork/137.png'),
(138, 'Omanyte', 4, 75, NULL, 'Omastar', 'https://raw.githubusercontent.com/PokeAPI/sprites/master/sprites/pokemon/other/official-artwork/138.png'),
(139, 'Omastar', 10, 350, 'Omanyte', NULL, 'https://raw.githubusercontent.com/PokeAPI/sprites/master/sprites/pokemon/other/official-artwork/139.png'),
(140, 'Kabuto', 5, 115, NULL, 'Kabutops', 'https://raw.githubusercontent.com/PokeAPI/sprites/master/sprites/pokemon/other/official-artwork/140.png'),
(141, 'Kabutops', 13, 405, 'Kabuto', NULL, 'https://raw.githubusercontent.com/PokeAPI/sprites/master/sprites/pokemon/other/official-artwork/141.png'),
(142, 'Aerodactyl', 18, 590, NULL, NULL, 'https://raw.githubusercontent.com/PokeAPI/sprites/master/sprites/pokemon/other/official-artwork/142.png'),
(143, 'Snorlax', 21, 4600, NULL, NULL, 'https://raw.githubusercontent.com/PokeAPI/sprites/master/sprites/pokemon/other/official-artwork/143.png'),
(144, 'Articuno', 17, 554, NULL, NULL, 'https://raw.githubusercontent.com/PokeAPI/sprites/master/sprites/pokemon/other/official-artwork/144.png'),
(145, 'Zapdos', 16, 526, NULL, NULL, 'https://raw.githubusercontent.com/PokeAPI/sprites/master/sprites/pokemon/other/official-artwork/145.png'),
(146, 'Moltres', 20, 600, NULL, NULL, 'https://raw.githubusercontent.com/PokeAPI/sprites/master/sprites/pokemon/other/official-artwork/146.png'),
(147, 'Dratini', 18, 33, NULL, 'Dragonair', 'https://raw.githubusercontent.com/PokeAPI/sprites/master/sprites/pokemon/other/official-artwork/147.png'),
(148, 'Dragonair', 40, 165, 'Dratini', 'Dragonite', 'https://raw.githubusercontent.com/PokeAPI/sprites/master/sprites/pokemon/other/official-artwork/148.png'),
(149, 'Dragonite', 22, 2100, 'Dragonair', NULL, 'https://raw.githubusercontent.com/PokeAPI/sprites/master/sprites/pokemon/other/official-artwork/149.png'),
(150, 'Mewtwo', 20, 1220, NULL, NULL, 'https://raw.githubusercontent.com/PokeAPI/sprites/master/sprites/pokemon/other/official-artwork/150.png'),
(151, 'Mew', 4, 40, NULL, NULL, 'https://raw.githubusercontent.com/PokeAPI/sprites/master/sprites/pokemon/other/official-artwork/151.png');

INSERT INTO pokemon_types (pokemon_id, type) VALUES
(1, 'grama'), (1, 'venenoso'),
(2, 'grama'), (2, 'venenoso'),
(3, 'grama'), (3, 'venenoso'),
(4, 'fogo'),
(5, 'fogo'),
(6, 'fogo'), (6, 'voador'),
(7, 'agua'),
(8, 'agua'),
(9, 'agua'),
(10, 'inseto'),
(11, 'inseto'),
(12, 'inseto'), (12, 'voador'),
(13, 'inseto'), (13, 'venenoso'),
(14, 'inseto'), (14, 'venenoso'),
(15, 'inseto'), (15, 'venenoso'),
(16, 'normal'), (16, 'voador'),
(17, 'normal'), (17, 'voador'),
(18, 'normal'), (18, 'voador'),
(19, 'normal'),
(20, 'normal'),
(21, 'normal'), (21, 'voador'),
(22, 'normal'), (22, 'voador'),
(23, 'venenoso'),
(24, 'venenoso'),
(25, 'eletrico'),
(26, 'eletrico'),
(27, 'terra'),
(28, 'terra'),
(29, 'venenoso'),
(30, 'venenoso'),
(31, 'venenoso'), (31, 'terra'),
(32, 'venenoso'),
(33, 'venenoso'),
(34, 'venenoso'), (34, 'terra'),
(35, 'fada'),
(36, 'fada'),
(37, 'fogo'),
(38, 'fogo'),
(39, 'normal'), (39, 'fada'),
(40, 'normal'), (40, 'fada'),
(41, 'venenoso'), (41, 'voador'),
(42, 'venenoso'), (42, 'voador'),
(43, 'grama'), (43, 'venenoso'),
(44, 'grama'), (44, 'venenoso'),
(45, 'grama'), (45, 'venenoso'),
(46, 'inseto'), (46, 'grama'),
(47, 'inseto'), (47, 'grama'),
(48, 'inseto'), (48, 'venenoso'),
(49, 'inseto'), (49, 'venenoso'),
(50, 'terra'),
(51, 'terra'),
(52, 'normal'),
(53, 'normal'),
(54, 'agua'),
(55, 'agua'),
(56, 'lutador'),
(57, 'lutador'),
(58, 'fogo'),
(59, 'fogo'),
(60, 'agua'),
(61, 'agua'),
(62, 'agua'), (62, 'lutador'),
(63, 'psiquico'),
(64, 'psiquico'),
(65, 'psiquico'),
(66, 'lutador'),
(67, 'lutador'),
(68, 'lutador'),
(69, 'grama'), (69, 'venenoso'),
(70, 'grama'), (70, 'venenoso'),
(71, 'grama'), (71, 'venenoso'),
(72, 'agua'), (72, 'venenoso'),
(73, 'agua'), (73, 'venenoso'),
(74, 'pedra'), (74, 'terra'),
(75, 'pedra'), (75, 'terra'),
(76, 'pedra'), (76, 'terra'),
(77, 'fogo'),
(78, 'fogo'),
(79, 'agua'), (79, 'psiquico'),
(80, 'agua'), (80, 'psiquico'),
(81, 'eletrico'), (81, 'aco'),
(82, 'eletrico'), (82, 'aco'),
(83, 'normal'), (83, 'voador'),
(84, 'normal'), (84, 'voador'),
(85, 'normal'), (85, 'voador'),
(86, 'agua'),
(87, 'agua'), (87, 'gelo'),
(88, 'venenoso'),
(89, 'venenoso'),
(90, 'agua'),
(91, 'agua'), (91, 'gelo'),
(92, 'fantasma'), (92, 'venenoso'),
(93, 'fantasma'), (93, 'venenoso'),
(94, 'fantasma'), (94, 'venenoso'),
(95, 'pedra'), (95, 'terra'),
(96, 'psiquico'),
(97, 'psiquico'),
(98, 'agua'),
(99, 'agua'),
(100, 'eletrico'),
(101, 'eletrico'),
(102, 'grama'), (102, 'psiquico'),
(103, 'grama'), (103, 'psiquico'),
(104, 'terra'),
(105, 'terra'),
(106, 'lutador'),
(107, 'lutador'),
(108, 'normal'),
(109, 'venenoso'),
(110, 'venenoso'),
(111, 'pedra'), (111, 'terra'),
(112, 'pedra'), (112, 'terra'),
(113, 'normal'),
(114, 'grama'),
(115, 'normal'),
(116, 'agua'),
(117, 'agua'),
(118, 'agua'),
(119, 'agua'),
(120, 'agua'),
(121, 'agua'), (121, 'psiquico'),
(122, 'psiquico'), (122, 'fada'),
(123, 'inseto'), (123, 'voador'),
(124, 'gelo'), (124, 'psiquico'),
(125, 'eletrico'),
(126, 'fogo'),
(127, 'inseto'),
(128, 'normal'),
(129, 'agua'),
(130, 'agua'), (130, 'voador'),
(131, 'agua'), (131, 'gelo'),
(132, 'normal'),
(133, 'normal'),
(134, 'agua'),
(135, 'eletrico'),
(136, 'fogo'),
(137, 'normal'),
(138, 'pedra'), (138, 'agua'),
(139, 'pedra'), (139, 'agua'),
(140, 'pedra'), (140, 'agua'),
(141, 'pedra'), (141, 'agua'),
(142, 'pedra'), (142, 'voador'),
(143, 'normal'),
(144, 'gelo'), (144, 'voador'),
(145, 'eletrico'), (145, 'voador'),
(146, 'fogo'), (146, 'voador'),
(147, 'dragao'),
(148, 'dragao'),
(149, 'dragao'), (149, 'voador'),
(150, 'psiquico'),
(151, 'psiquico');

INSERT INTO pokemon_abilities (pokemon_id, ability) VALUES
(1, 'overgrow'), (1, 'chlorophyll'),
(2, 'overgrow'), (2, 'chlorophyll'),
(3, 'overgrow'), (3, 'chlorophyll'),
(4, 'blaze'), (4, 'solar-power'),
(5, 'blaze'), (5, 'solar-power'),
(6, 'blaze'), (6, 'solar-power'),
(7, 'torrent'), (7, 'rain-dish'),
(8, 'torrent'), (8, 'rain-dish'),
(9, 'torrent'), (9, 'rain-dish'),
(10, 'shield-dust'), (10, 'run-away'),
(11, 'shed-skin'),
(12, 'compound-eyes'), (12, 'tinted-lens'),
(13, 'shield-dust'), (13, 'run-away'),
(14, 'shed-skin'),
(15, 'swarm'), (15, 'sniper'),
(16, 'keen-eye'), (16, 'tangled-feet'), (16, 'big-pecks'),
(17, 'keen-eye'), (17, 'tangled-feet'), (17, 'big-pecks'),
(18, 'keen-eye'), (18, 'tangled-feet'), (18, 'big-pecks'),
(19, 'run-away'), (19, 'guts'), (19, 'hustle'),
(20, 'run-away'), (20, 'guts'), (20, 'hustle'),
(21, 'keen-eye'), (21, 'sniper'),
(22, 'keen-eye'), (22, 'sniper'),
(23, 'intimidate'), (23, 'shed-skin'), (23, 'unnerve'),
(24, 'intimidate'), (24, 'shed-skin'), (24, 'unnerve'),
(25, 'static'), (25, 'lightning-rod'),
(26, 'static'), (26, 'lightning-rod'),
(27, 'sand-veil'), (27, 'sand-rush'),
(28, 'sand-veil'), (28, 'sand-rush'),
(29, 'poison-point'), (29, 'rivalry'), (29, 'hustle'),
(30, 'poison-point'), (30, 'rivalry'), (30, 'hustle'),
(31, 'poison-point'), (31, 'rivalry'), (31, 'sheer-force'),
(32, 'poison-point'), (32, 'rivalry'), (32, 'hustle'),
(33, 'poison-point'), (33, 'rivalry'), (33, 'hustle'),
(34, 'poison-point'), (34, 'rivalry'), (34, 'sheer-force'),
(35, 'cute-charm'), (35, 'magic-guard'), (35, 'friend-guard'),
(36, 'cute-charm'), (36, 'magic-guard'), (36, 'unaware'),
(37, 'flash-fire'), (37, 'drought'),
(38, 'flash-fire'), (38, 'drought'),
(39, 'cute-charm'), (39, 'competitive'), (39, 'friend-guard'),
(40, 'cute-charm'), (40, 'competitive'), (40, 'frisk'),
(41, 'inner-focus'), (41, 'infiltrator'),
(42, 'inner-focus'), (42, 'infiltrator'),
(43, 'chlorophyll'), (43, 'run-away'),
(44, 'chlorophyll'), (44, 'stench'),
(45, 'chlorophyll'), (45, 'effect-spore'),
(46, 'effect-spore'), (46, 'dry-skin'), (46, 'damp'),
(47, 'effect-spore'), (47, 'dry-skin'), (47, 'damp'),
(48, 'compound-eyes'), (48, 'tinted-lens'), (48, 'run-away'),
(49, 'shield-dust'), (49, 'tinted-lens'), (49, 'wonder-skin'),
(50, 'sand-veil'), (50, 'arena-trap'), (50, 'sand-force'),
(51, 'sand-veil'), (51, 'arena-trap'), (51, 'sand-force'),
(52, 'pickup'), (52, 'technician'), (52, 'unnerve'),
(53, 'limber'), (53, 'technician'), (53, 'unnerve'),
(54, 'damp'), (54, 'cloud-nine'), (54, 'swift-swim'),
(55, 'damp'), (55, 'cloud-nine'), (55, 'swift-swim'),
(56, 'vital-spirit'), (56, 'anger-point'), (56, 'defiant'),
(57, 'vital-spirit'), (57, 'anger-point'), (57, 'defiant'),
(58, 'intimidate'), (58, 'flash-fire'), (58, 'justified'),
(59, 'intimidate'), (59, 'flash-fire'), (59, 'justified'),
(60, 'water-absorb'), (60, 'damp'), (60, 'swift-swim'),
(61, 'water-absorb'), (61, 'damp'), (61, 'swift-swim'),
(62, 'water-absorb'), (62, 'damp'), (62, 'swift-swim'),
(63, 'synchronize'), (63, 'inner-focus'), (63, 'magic-guard'),
(64, 'synchronize'), (64, 'inner-focus'), (64, 'magic-guard'),
(65, 'synchronize'), (65, 'inner-focus'), (65, 'magic-guard'),
(66, 'guts'), (66, 'no-guard'), (66, 'steadfast'),
(67, 'guts'), (67, 'no-guard'), (67, 'steadfast'),
(68, 'guts'), (68, 'no-guard'), (68, 'steadfast'),
(69, 'chlorophyll'), (69, 'gluttony'),
(70, 'chlorophyll'), (70, 'gluttony'),
(71, 'chlorophyll'), (71, 'gluttony'),
(72, 'clear-body'), (72, 'liquid-ooze'), (72, 'rain-dish'),
(73, 'clear-body'), (73, 'liquid-ooze'), (73, 'rain-dish'),
(74, 'rock-head'), (74, 'sturdy'), (74, 'sand-veil'),
(75, 'rock-head'), (75, 'sturdy'), (75, 'sand-veil'),
(76, 'rock-head'), (76, 'sturdy'), (76, 'sand-veil'),
(77, 'run-away'), (77, 'flash-fire'), (77, 'flame-body'),
(78, 'run-away'), (78, 'flash-fire'), (78, 'flame-body'),
(79, 'oblivious'), (79, 'own-tempo'), (79, 'regenerator'),
(80, 'oblivious'), (80, 'own-tempo'), (80, 'regenerator'),
(81, 'magnet-pull'), (81, 'sturdy'), (81, 'analytic'),
(82, 'magnet-pull'), (82, 'sturdy'), (82, 'analytic'),
(83, 'keen-eye'), (83, 'inner-focus'), (83, 'defiant'),
(84, 'run-away'), (84, 'early-bird'), (84, 'tangled-feet'),
(85, 'run-away'), (85, 'early-bird'), (85, 'tangled-feet'),
(86, 'thick-fat'), (86, 'hydration'), (86, 'ice-body'),
(87, 'thick-fat'), (87, 'hydration'), (87, 'ice-body'),
(88, 'stench'), (88, 'sticky-hold'), (88, 'poison-touch'),
(89, 'stench'), (89, 'sticky-hold'), (89, 'poison-touch'),
(90, 'shell-armor'), (90, 'skill-link'), (90, 'overcoat'),
(91, 'shell-armor'), (91, 'skill-link'), (91, 'overcoat'),
(92, 'levitate'),
(93, 'levitate'),
(94, 'cursed-body'),
(95, 'rock-head'), (95, 'sturdy'), (95, 'weak-armor'),
(96, 'insomnia'), (96, 'forewarn'), (96, 'inner-focus'),
(97, 'insomnia'), (97, 'forewarn'), (97, 'inner-focus'),
(98, 'hyper-cutter'), (98, 'shell-armor'), (98, 'sheer-force'),
(99, 'hyper-cutter'), (99, 'shell-armor'), (99, 'sheer-force'),
(100, 'soundproof'), (100, 'static'), (100, 'aftermath'),
(101, 'soundproof'), (101, 'static'), (101, 'aftermath'),
(102, 'chlorophyll'), (102, 'harvest'),
(103, 'chlorophyll'), (103, 'harvest'),
(104, 'rock-head'), (104, 'lightning-rod'), (104, 'battle-armor'),
(105, 'rock-head'), (105, 'lightning-rod'), (105, 'battle-armor'),
(106, 'limber'), (106, 'reckless'), (106, 'unburden'),
(107, 'keen-eye'), (107, 'iron-fist'), (107, 'inner-focus'),
(108, 'own-tempo'), (108, 'oblivious'), (108, 'cloud-nine'),
(109, 'levitate'), (109, 'neutralizing-gas'), (109, 'stench'),
(110, 'levitate'), (110, 'neutralizing-gas'), (110, 'stench'),
(111, 'lightning-rod'), (111, 'rock-head'), (111, 'reckless'),
(112, 'lightning-rod'), (112, 'rock-head'), (112, 'reckless'),
(113, 'natural-cure'), (113, 'serene-grace'), (113, 'healer'),
(114, 'chlorophyll'), (114, 'leaf-guard'), (114, 'regenerator'),
(115, 'early-bird'), (115, 'scrappy'), (115, 'inner-focus'),
(116, 'swift-swim'), (116, 'sniper'), (116, 'damp'),
(117, 'poison-point'), (117, 'sniper'), (117, 'damp'),
(118, 'swift-swim'), (118, 'water-veil'), (118, 'lightning-rod'),
(119, 'swift-swim'), (119, 'water-veil'), (119, 'lightning-rod'),
(120, 'illuminate'), (120, 'natural-cure'), (120, 'analytic'),
(121, 'illuminate'), (121, 'natural-cure'), (121, 'analytic'),
(122, 'soundproof'), (122, 'filter'), (122, 'technician'),
(123, 'swarm'), (123, 'technician'), (123, 'steadfast'),
(124, 'oblivious'), (124, 'forewarn'), (124, 'dry-skin'),
(125, 'static'), (125, 'vital-spirit'),
(126, 'flame-body'), (126, 'vital-spirit'),
(127, 'hyper-cutter'), (127, 'mold-breaker'), (127, 'moxie'),
(128, 'intimidate'), (128, 'anger-point'), (128, 'sheer-force'),
(129, 'swift-swim'), (129, 'rattled'),
(130, 'intimidate'), (130, 'moxie'),
(131, 'water-absorb'), (131, 'shell-armor'), (131, 'hydration'),
(132, 'limber'), (132, 'imposter'),
(133, 'run-away'), (133, 'adaptability'), (133, 'anticipation'),
(134, 'water-absorb'), (134, 'hydration'),
(135, 'volt-absorb'), (135, 'quick-feet'),
(136, 'flash-fire'), (136, 'guts'),
(137, 'trace'), (137, 'download'), (137, 'analytic'),
(138, 'swift-swim'), (138, 'shell-armor'), (138, 'weak-armor'),
(139, 'swift-swim'), (139, 'shell-armor'), (139, 'weak-armor'),
(140, 'swift-swim'), (140, 'battle-armor'), (140, 'weak-armor'),
(141, 'swift-swim'), (141, 'battle-armor'), (141, 'weak-armor'),
(142, 'rock-head'), (142, 'pressure'), (142, 'unnerve'),
(143, 'immunity'), (143, 'thick-fat'), (143, 'gluttony'),
(144, 'pressure'), (144, 'snow-cloak'),
(145, 'pressure'), (145, 'static'),
(146, 'pressure'), (146, 'flame-body'),
(147, 'shed-skin'), (147, 'marvel-scale'),
(148, 'shed-skin'), (148, 'marvel-scale'),
(149, 'inner-focus'), (149, 'multiscale'),
(150, 'pressure'), (150, 'unnerve'),
(151, 'synchronize');

INSERT INTO pokemon_stats (pokemon_id, hp, attack, defense, speed) VALUES
(1, 45, 49, 49, 45),
(2, 60, 62, 63, 60),
(3, 80, 82, 83, 80),
(4, 39, 52, 43, 65),
(5, 58, 64, 58, 80),
(6, 78, 84, 78, 100),
(7, 44, 48, 65, 43),
(8, 59, 63, 80, 58),
(9, 79, 83, 100, 78),
(10, 45, 30, 35, 45),
(11, 50, 20, 55, 30),
(12, 60, 45, 50, 70),
(13, 40, 35, 30, 50),
(14, 45, 25, 50, 35),
(15, 65, 90, 40, 75),
(16, 40, 45, 40, 56),
(17, 63, 60, 55, 71),
(18, 83, 80, 75, 101),
(19, 30, 56, 35, 72),
(20, 55, 81, 60, 97),
(21, 40, 60, 30, 70),
(22, 65, 90, 65, 100),
(23, 35, 60, 44, 55),
(24, 60, 95, 69, 80),
(25, 35, 55, 40, 90),
(26, 60, 90, 55, 110),
(27, 50, 75, 85, 40),
(28, 75, 100, 110, 65),
(29, 55, 47, 52, 41),
(30, 70, 62, 67, 56),
(31, 90, 92, 87, 76),
(32, 46, 57, 40, 50),
(33, 61, 72, 57, 65),
(34, 81, 102, 77, 85),
(35, 70, 45, 48, 35),
(36, 95, 70, 73, 60),
(37, 38, 41, 40, 65),
(38, 73, 76, 75, 100),
(39, 115, 45, 20, 20),
(40, 140, 70, 45, 45),
(41, 40, 45, 35, 55),
(42, 75, 80, 70, 90),
(43, 45, 50, 55, 30),
(44, 60, 65, 70, 40),
(45, 75, 80, 85, 50),
(46, 35, 70, 55, 25),
(47, 60, 95, 80, 30),
(48, 60, 55, 50, 45),
(49, 70, 65, 60, 90),
(50, 10, 55, 25, 95),
(51, 35, 100, 50, 120),
(52, 40, 45, 35, 90),
(53, 65, 70, 60, 115),
(54, 50, 52, 48, 55),
(55, 80, 82, 78, 85),
(56, 40, 80, 35, 70),
(57, 65, 105, 60, 95),
(58, 55, 70, 45, 60),
(59, 90, 110, 80, 95),
(60, 40, 50, 40, 90),
(61, 65, 65, 65, 90),
(62, 90, 95, 95, 70),
(63, 25, 20, 15, 90),
(64, 40, 35, 30, 105),
(65, 55, 50, 45, 120),
(66, 70, 80, 50, 35),
(67, 80, 100, 70, 45),
(68, 90, 130, 80, 55),
(69, 50, 75, 35, 40),
(70, 65, 90, 50, 55),
(71, 80, 105, 65, 70),
(72, 40, 40, 35, 70),
(73, 80, 70, 65, 100),
(74, 40, 80, 100, 20),
(75, 55, 95, 115, 35),
(76, 80, 120, 130, 45),
(77, 50, 85, 55, 90),
(78, 65, 100, 70, 105),
(79, 90, 65, 65, 15),
(80, 95, 75, 110, 30),
(81, 25, 35, 70, 45),
(82, 50, 60, 95, 70),
(83, 52, 90, 55, 60),
(84, 35, 85, 45, 75),
(85, 60, 110, 70, 100),
(86, 65, 45, 55, 45),
(87, 90, 70, 80, 70),
(88, 80, 80, 50, 25),
(89, 105, 105, 75, 50),
(90, 30, 65, 100, 40),
(91, 50, 95, 180, 70),
(92, 30, 35, 30, 80),
(93, 45, 50, 45, 95),
(94, 60, 65, 60, 110),
(95, 35, 45, 160, 70),
(96, 60, 48, 45, 42),
(97, 85, 73, 70, 67),
(98, 30, 105, 90, 50),
(99, 55, 130, 115, 75),
(100, 40, 30, 50, 100),
(101, 60, 50, 70, 150),
(102, 60, 40, 80, 40),
(103, 95, 95, 85, 55),
(104, 50, 50, 95, 35),
(105, 60, 80, 110, 45),
(106, 50, 120, 53, 87),
(107, 50, 105, 79, 76),
(108, 90, 55, 75, 30),
(109, 40, 65, 95, 35),
(110, 65, 90, 120, 60),
(111, 80, 85, 95, 25),
(112, 105, 130, 120, 40),
(113, 250, 5, 5, 50),
(114, 65, 55, 115, 60),
(115, 105, 95, 80, 90),
(116, 30, 40, 70, 60),
(117, 55, 65, 95, 85),
(118, 45, 67, 60, 63),
(119, 80, 92, 65, 68),
(120, 30, 45, 55, 85),
(121, 60, 75, 85, 115),
(122, 40, 45, 65, 90),
(123, 70, 110, 80, 105),
(124, 65, 50, 35, 95),
(125, 65, 83, 57, 105),
(126, 65, 95, 57, 93),
(127, 65, 125, 100, 85),
(128, 75, 100, 95, 110),
(129, 20, 10, 55, 80),
(130, 95, 125, 79, 81),
(131, 130, 85, 80, 60),
(132, 48, 48, 48, 48),
(133, 55, 55, 50, 55),
(134, 130, 65, 60, 65),
(135, 65, 65, 60, 130),
(136, 65, 130, 60, 65),
(137, 65, 60, 70, 40),
(138, 35, 40, 100, 35),
(139, 70, 60, 125, 55),
(140, 30, 80, 90, 55),
(141, 60, 115, 105, 80),
(142, 80, 105, 65, 130),
(143, 160, 110, 65, 30),
(144, 90, 85, 100, 85),
(145, 90, 90, 85, 100),
(146, 90, 100, 90, 90),
(147, 41, 64, 45, 50),
(148, 61, 84, 65, 70),
(149, 91, 134, 95, 80),
(150, 106, 110, 90, 130),
(151, 100, 100, 100, 100);